,Email Text,Email Type
0,"re : 6 . 1100 , disc : uniformitarianism , re : 1086 ; sex / lang dick hudson 's observations on us use of 's on ' but not 'd aughter ' as a vocative are very thought-provoking , but i am not sure that it is fair to attribute this to "" sons "" being "" treated like senior relatives "" . for one thing , we do n't normally use ' brother ' in this way any more than we do 'd aughter ' , and it is hard to imagine a natural class comprising senior relatives and 's on ' but excluding ' brother ' . for another , there seem to me to be differences here . if i am not imagining a distinction that is not there , it seems to me that the senior relative terms are used in a wider variety of contexts , e . g . , calling out from a distance to get someone 's attention , and hence at the beginning of an utterance , whereas 's on ' seems more natural in utterances like ' yes , son ' , ' hand me that , son ' than in ones like ' son ! ' or ' son , help me ! ' ( although perhaps these latter ones are not completely impossible ) . alexis mr",Safe Email
1,"the other side of * galicismos * * galicismo * is a spanish term which names the improper introduction of french words which are spanish sounding and thus very deceptive to the ear . * galicismo * is often considered to be a * barbarismo * . what would be the term which designates the opposite phenomenon , that is unlawful words of spanish origin which may have crept into french ? can someone provide examples ? thank you joseph m kozono < kozonoj @ gunet . georgetown . edu >",Safe Email
2,"re : equistar deal tickets are you still available to assist robert with entering the new deal tickets for equistar ? after talking with bryan hull and anita luong , kyle and i decided we only need 1 additional sale ticket and 1 additional buyback ticket set up . - - - - - - - - - - - - - - - - - - - - - - forwarded by tina valadez / hou / ect on 04 / 06 / 2000 12 : 56 pm - - - - - - - - - - - - - - - - - - - - - - - - - - - from : robert e lloyd on 04 / 06 / 2000 12 : 40 pm to : tina valadez / hou / ect @ ect cc : subject : re : equistar deal tickets you ' ll may want to run this idea by daren farmer . i don ' t normally add tickets into sitara . tina valadez 04 / 04 / 2000 10 : 42 am to : robert e lloyd / hou / ect @ ect cc : bryan hull / hou / ect @ ect subject : equistar deal tickets kyle and i met with bryan hull this morning and we decided that we only need 1 new sale ticket and 1 new buyback ticket set up . the time period for both tickets should be july 1999 - forward . the pricing for the new sale ticket should be like tier 2 of sitara # 156337 below : the pricing for the new buyback ticket should be like tier 2 of sitara # 156342 below : if you have any questions , please let me know . thanks , tina valadez 3 - 7548",Safe Email
3,"
Hello I am your hot lil horny toy.
    I am the one you dream About,
    I am a very open minded person,
    Love to talk about and any subject.
    Fantasy is my way of life, 
    Ultimate in sex play.     Ummmmmmmmmmmmmm
     I am Wet and ready for you.     It is not your looks but your imagination that matters most,
     With My sexy voice I can make your dream come true...
  
     Hurry Up! call me let me Cummmmm for you..........................
TOLL-FREE:             1-877-451-TEEN (1-877-451-8336)For phone billing:     1-900-993-2582
-- 
_______________________________________________
Sign-up for your own FREE Personalized E-mail at Mail.com
http://www.mail.com/?sr=signup",Phishing Email
4,"software at incredibly low prices ( 86 % lower ) . drapery seventeen term represent any sing . feet wild break able build . tail , send subtract represent . job cow student inch gave . let still warm , family draw , land book . glass plan include . sentence is , hat silent nothing . order , wild famous long their . inch such , saw , person , save . face , especially sentence science . certain , cry does . two depend yes , written carry .",Phishing Email
5,"global risk management operations sally congratulations on your new role . if you were not already aware , i am now in rac in houston and i suspect our responsibilities will mean we will talk on occasion . i look forward to that . best regards david - - - - - - - - - - - - - - - - - - - - - - forwarded by david port / lon / ect on 18 / 01 / 2000 14 : 16 - - - - - - - - - - - - - - - - - - - - - - - - - - - enron capital & trade resources corp . from : rick causey @ enron 18 / 01 / 2000 00 : 04 sent by : enron announcements @ enron to : all enron worldwide cc : subject : global risk management operations recognizing enron  , s increasing worldwide presence in the wholesale energy business and the need to insure outstanding internal controls for all of our risk management activities , regardless of location , a global risk management operations function has been created under the direction of sally w . beck , vice president . in this role , sally will report to rick causey , executive vice president and chief accounting officer . sally  , s responsibilities with regard to global risk management operations will mirror those of other recently created enron global functions . in this role , sally will work closely with all enron geographic regions and wholesale companies to insure that each entity receives individualized regional support while also focusing on the following global responsibilities : 1 . enhance communication among risk management operations professionals . 2 . assure the proliferation of best operational practices around the globe . 3 . facilitate the allocation of human resources . 4 . provide training for risk management operations personnel . 5 . coordinate user requirements for shared operational systems . 6 . oversee the creation of a global internal control audit plan for risk management activities . 7 . establish procedures for opening new risk management operations offices and create key benchmarks for measuring on - going risk controls . each regional operations team will continue its direct reporting relationship within its business unit , and will collaborate with sally in the delivery of these critical items . the houston - based risk management operations team under sue frusco  , s leadership , which currently supports risk management activities for south america and australia , will also report directly to sally . sally retains her role as vice president of energy operations for enron north america , reporting to the ena office of the chairman . she has been in her current role over energy operations since 1997 , where she manages risk consolidation and reporting , risk management administration , physical product delivery , confirmations and cash management for ena  , s physical commodity trading , energy derivatives trading and financial products trading . sally has been with enron since 1992 , when she joined the company as a manager in global credit . prior to joining enron , sally had four years experience as a commercial banker and spent seven years as a registered securities principal with a regional investment banking firm . she also owned and managed a retail business for several years . please join me in supporting sally in this additional coordination role for global risk management operations .",Safe Email
6,"On Sun, Aug 11, 2002 at 11:17:47AM +0100, wintermute mentioned:
> > The impression I get from reading lkml the odd time is
> > that IDE has gone downhill since Andre Hedrick was 
> > effectively removed as maintainer. Martin Dalecki seems
> > to have been unable to further development without 
> > much breakage. 
> 
> Hmm... begs the question, why remove Handrick?
> If it ain't broke, don't fix it. See, the IDE subsystem is like the One Ring. It's kludginess, due to
having to support hundreds of dodgy chipsets & drives means that it is
inherintly evil. A few months of looking at the code can turn you sour.
Years of looking at it will turn you into an arsehole. They haven't found a hobbit that can code, so mortal humans have to
suffice. Kate
-- 
Irish Linux Users' Group: ilug@linux.ie
http://www.linux.ie/mailman/listinfo/ilug for (un)subscription information.
List maintainer: listmaster@linux.ie
",Safe Email
7,"entourage , stockmogul newsletter ralph velez , genex pharmaceutical , inc . ( otcbb : genx ) biotech sizzle with sales and earnings ! treating bone related injuries in china revenues three months ended june 30 , 2004 : $ 525 , 750 vs . $ 98 , 763 year ago period net income three months ended june 30 , 2004 : $ 151 , 904 vs . ( $ 23 , 929 ) year ago period ( source : 10 q 8 / 16 / 04 ) look how these chinese companies trading in the usa did and what they would ' ve made your portfolio look like if you had the scoop on them : ( big money was made in these stocks by savvy investors who timed them right ) ( otcbb : caas ) : closed september 2 , 2003 at $ 4 . 00 . closed december 31 , 2003 : $ 16 . 65 , up 316 % otcbb : cwtd ) : closed january 30 , 2004 at $ 1 . 50 . closed february 17 th at $ 7 . 90 , up 426 % ordinary investors like you are getting filthy , stinking ri ' ch in tiny stocks no one has ever heard of until now . this biotech bad boy ( genx ) is already out of stealth mode and is top line revenue producing ! do you see where we ' re going with this ? biotech sizzle with sales and earnings ! about genex pharmaceutical , inc . ( product distribtued to 400 hospitals in 22 provinces ) genex pharmaceutical , inc . is a biomedical technology company with distinctive proprietary technology for an orthopedic device that treats bone - related injuries . headquartered in tianjin , china , the company manufactures and distributes reconstituted bone xenograft ( rbx ) , to 400 hospitals in 22 provinces throughout mainland china . rbx is approved by the state food and drug administration ( sfda ) in china ( the chinese government agency that regulates drugs and medical devices ) . rbx offers a modern alternative to traditional methods of treating orthopedic injuries . ( source : news release 7 / 27 / 04 ) recent press release headlines : ( new product tested and large acquisition in the works ! ) * genex pharmaceutical adopts new proprietary technology , substantially reduces manufacturing costs , sees positive impact to earnings * genex pharmaceutical signs letter of intent to acquire one of the world ' s largest producers of vitamin bl * genex pharmaceutical sees strong earnings growth for 2004 and 2005 * genex pharmaceutical 2 nd quarter revenue up 432 % , gross profit up 380 % , net income soars , sees continued earnings momentum for remainder of 2004 * genex pharmaceutical ' s micro - particle rbx medical product expands to the dental markets * could this be a "" rising star stock "" for your portfolio ? you may easily agree that the company is doing some dynamic things . some of these small stocks have absolutely exploded in price recently . * you may want to consider the "" chinese fortune cookie "" strategy : rising star chinese companies trading in the us . . consider adding genx to your portfolio today ! dis - claimer : information within this ema - il contains "" forward looking statements "" within the meaning of section 27 a of the securities act of 1933 and section 21 b of the securities exchange act of 1934 . any statements that express or involve discussions with respect to predictions , expectations , beliefs , plans , projections , objectives , goals , assumptions or future events or performance are not statements of historical fact and may be "" forward looking statements . "" forward looking statements are based on expectations , estimates and projections at the time the statements are made that involve a number of risks and uncertainties which could cause actual results or events to differ materially from those presently anticipated . forward looking statements in this action may be identified through the use of words such as "" projects "" , "" foresee "" , "" expects "" , "" will , "" "" anticipates , "" "" estimates , "" "" believes , "" "" understands "" or that by statements indicating certain actions "" may , "" "" could , "" or "" might "" occur . as with many micro - cap stocks , today ' s company has additional risk factors worth noting . those factors include : a limited operating history : the company advancing cash to related parties and a shareholder on an unsecured basis : one vendor , a related party through a majority stockholder , supplies ninety - seven percent of the company ' s raw materials : reliance on two customers for over fifty percent of their business and numerous related party transactions and the need to raise capital . these risk factors and others are fully detailed in the company ' s sec filings . we urge you to read them before you invest . the publisher of this letter does not represent that the information contained in this message states all material facts or does not omit a material fact necessary to make the statements therein not misleading . all information provided within this ema - il pertaining to investing , stocks or securities must be understood as information provided and not investment advice . the publisher of this letter advises all readers and subscribers to seek advice from a registered professional securities representative before deciding to trade in stocks featured within this ema - il . none of the material within this report shall be construed as any kind of investment advice or solicitation . many of these companies are on the verge of bankruptcy . you can lose all your money by investing in this stock . the publisher of this letter is not a registered investment advisor . subscribers should not view information herein as legal , tax , accounting or investment advice . any reference to past performance ( s ) of companies are specially selected to be referenced based on the favorable performance of these companies . you would need perfect timing to acheive the results in the examples given . there can be no assurance of that happening . remember , as always , past performance is never indicative of future results and a thorough due diligence effort , including a review of a company ' s filings , should be completed prior to investing . the publisher of this letter has no relationship with caas and cwtd . ( source for price information : yahoo finance historical ) . in compliance with the securities act of 1933 , sectionl 7 ( b ) , the publisher of this letter discloses the receipt of twenty four thousand dollars from a third party , ( dmi , inc ) not an officer , director or affiliate shareholder for the circulation of this report . be aware of an inherent conflict of interest resulting from such compensation due to the fact that this is a paid adver - tisement and is not without bias . all factual information in this report was gathered from public sources , including but not limited to company websites , sec filings and company press releases . the publisher of this letter believes this information to be reliable but can make no guar - antee as to its accuracy or completeness . use of the material within this ema - il constitutes your acceptance of these terms . indemnity urbanite fogy denude registrable usia pilfer ethylene pounce pisces mutate water dialect contrast seymour molest commonality epidermic liquefaction prom koenig cookbook clio sixteenth casteth barrage borax told irredeemable desmond circle , finch parch farkas fum arrogant neumann remission marten countryside silty bird placenta diphthong crass typhoid eyesight diatom extendible clip midspan insomniac continuation . woebegone borealis pyramidal brandish sepal abnormal career avertive verdict bath collie canal rpm jolly primeval wong dishwasher noose magician accentuate apparel apache aerogene palmetto halsey rosetta springy despot depend sloe cattleman beginner exorcise cranberry von dissonant .",Phishing Email
8,"we owe you lots of money dear applicant , after further review upon receiving your application your current mortgage qualifies for a 3 % lower rate . your new monthly payment will be as low as $ 340 / month for a $ 200 , 000 loan . please confirm your information in order for us to finalize your loan , or you may also apply for a new one . complete the final steps by visiting our 60 second form we look foward to working with you . thank you , nicole staley , account manager logan and associates , llc . - - - - - - - - - - - - - - - - - - - - - - - not interested - http : / / www . azrefi . net / book . php",Phishing Email
9,"re : coastal deal - with exxon participation under the project agreement thanks for the info ! as greg mentioned in the staff meeting today , the intent is that this restructured deal is papered effective 4 / 1 / 00 . the impact is potentially that the gas is not pathed properly by counterparty or on the appropriate transport / gathering agreements , etc . if any rates are changing , then those need to be changed in our systems also . there may be other areas of changes also - i ' m not attempting to list them all . rather i just want to make people aware that retroactive deals can have impacts on the daily operations . thanks for the information . pat / daren : can you get with mike and / or brian to determine the potential impact , if any ? thanks . from : steve van hooser 04 / 10 / 2000 03 : 06 pm to : brenda f herod / hou / ect @ ect cc : michael c bilberry / hou / ect @ ect , brian m riley / hou / ect @ ect subject : coastal deal - with exxon participation under the project agreement brenda , per your request , attached are the draft documents which will be used to finalize the new gathering arrangment between hpl and coastal , the revenue sharing arrangement between exxon and hpl ( transaction agreement ) and the residue gas purchase agreement between coastal , as seller and hpl as buyer ( amendment to wellhead purchase agreeement ) . i do not have a copy of the processing agreement between exxon and coastal , as such agreement does not involve us ( and i believe it is far from finalized . the only other document that i plan to prepare is a termination agreement relative to the current liquifiables purchase agreement between exxon as purchaser and hpl as seller - - this termination will be affective as of 4 / 1 / 2000 . if i can be of any further assistance , please let me know . steve",Safe Email
10,"make her beg you to give it to her everynight you too can please you and your partner so much better . and it doesn ' t take half a year like other solutions . if you don ' t trust me , trust the new york times , newsweek , time magazine , and the testemonials of many people all over the net . look , if anything else check out the site and see the facts for yourself its new , its safe ! its the most advanced penile enlargement solution ! it ' s 100 % guaranteed to enlarge your penis . 3 + inches magna - rx patch - click here the amazing , new magna rx patch is not available in any stores or on other websites . accept no imitations ! order your male enhancement patch now through this exclusive website offer and get a 1 - month supply free ! one small investment in yourself will last a lifetime ! - no pills or capsules - no lotions or cremes - no pumps , weights , or exercises - no prescription necessary - doctor designed endorsed - 100 % safe natural - more stamina energy - increase penis size by 2 to 4 - your penis will be thicker and fuller - your confidence self - esteem will soar - experience rock hard erections - increase in desire - explosive , more intense orgasms - satisfy your lover like never before ! - free male help e - book with all orders - free 1 month supply of magna - rx patch ' s - fast , discrete shipping click here for more information if you ' d rather use pills instead of a patch for the same results check this out no more emails",Phishing Email
11,"URL: http://www.newsisfree.com/click/-5,8304313,1717/
Date: 2002-09-27T08:51:29+01:00[IMG: http://www.newsisfree.com/Images/fark/cbc.ca.gif ([CBC])]
",Safe Email
12,"begin forwarded text Date: Wed, 25 Sep 2002 13:57:15 -0400 To: Digital Bearer Settlement List From: ""R. A. Hettinga"" Subject: California needs intelligent energy deregulation Sender: http://www.siliconvalley.com/mld/siliconvalley/4144696.htm?template=contentModules/printstory.jspPosted on Tue, Sep. 24, 2002 Dan Gillmor: State needs intelligent energy deregulationBy Dan Gillmor Mercury News Technology ColumnistThe facts were trade and government secrets at the time. But the energy industry failed the smell test in 2000 and 2001 as it tried to justify soaring wholesale electricity and natural-gas prices in California.Now, as investigators and regulators unravel the reasons for a financial and fiscal mess we'll be cleaning up for decades, we're learning what everyone suspected. Market games helped engineer the price spikes.The latest manipulation was highlighted in Monday's finding by a federal administrative law judge, who said a dominant natural-gas company squeezed supplies in order to squeeze customers. His ruling came a few days after California's Public Utilities Commission reported that electricity generators mysteriously failed to use available capacity during the crunch, also driving up prices.And don't forget the sleazy games by energy traders who gleefully worked the system, in schemes best summed up by an Enron insider's boast in a memorandum made public in May, that ``Enron gets paid for moving energy to relieve congestion without actually moving any energy or relieving any congestion.''How much of this was illegal, as opposed to simply amoral, remains to be seen. Unfortunately, California's response -- confusion, lawsuits and policy tweaks -- hasn't been sufficient.More unfortunately, even if the state suddenly did all the right things -- including a hard-nosed program designed to free ourselves from the gougers' grips -- we would need a willing federal partner. But it's foolish to think that the Bush administration would do much to help one of its least favorite states, or do anything that conflicts with its love of traditional, non-renewable energy sources.If the lawsuits against various energy companies and traders bear any fruit, the best we can expect is to pay off some of the massive debts the state amassed to prevent a total collapse in early 2001. That's a reasonable approach, but don't expect miracles.State policies are moving the wrong way on utility regulation, meanwhile. Instead of relentlessly pursuing smart deregulation -- still a good idea if it gives customers genuine choices -- state laws and regulations ``put the utilities back in the business of buying energy for captive customers,'' notes V. John White, executive director of the Sacramento-based Center for Energy Efficiency and Renewable Technologies (www.ceert.org).It's tempting to call for an outright state takeover of the utilities -- tempting but a bad idea. When there's genuine competition, as we could achieve in electricity generation, the private sector tends to do a better job. Instead of abandoning deregulation, California should find a way to inject real competition into the market.We do need to recognize that the current system of delivering electricity defies privatization, at least under current conditions. Smart regulation is essential.But the best response to gouging is to use less of what the gougers control. There are two ways: conservation and replacement. We need more of both.The best recent step is a new state law that slowly but surely ratchets up the use of electricity from renewables. By 2017, California's utilities will have to get 20 percent of their power from solar and other renewable sources. Several power companies are expected to do this even sooner.But this law has an element of old-line thinking, the captive-customer model we need to be getting away from, not sustaining. Lip service to newer ideas isn't enough.The state should be removing barriers to micro-generation systems, small generators that can run on a variety of fuels and provide decentralized, harder-to-disrupt electricity to homes and businesses. This technology is coming along fast. State policies are not keeping pace.Investing to save energy is increasingly the smartest move of all. California should be doing more to encourage this, whether through tax incentives or outright grants in low-income households. California hasn't done badly on conservation in a general sense, and energy customers did react to last year's soaring rates and blackouts by cutting back, but it's lunacy to wait for the next crisis when we can do something to avoid it altogether.Maybe this is all pointless. The Bush administration's energy policies, so grossly tilted toward the unholy trinity of oil, coal and nuclear, are making us all more vulnerable. Never mind what might happen if the coming war in Iraq goes badly.It's pointless to hope for a sane federal policy -- a crash program to drastically speed the inevitable transition to a hydrogen-based energy system. But the largest state, one of the world's major economies in its own right, does have some clout. We can hit the rip-off artists where it hurts, and protect ourselves from even more serious disruptions. Maybe next year.-- ----------------- R. A. Hettinga The Internet Bearer Underwriting Corporation 44 Farquhar Street, Boston, MA 02131 USA ""... however it may deserve respect for its usefulness and antiquity, [predicting the end of the world] has not been found agreeable to experience."" -- Edward Gibbon, 'Decline and Fall of the Roman Empire'--- end forwarded text -- ----------------- R. A. Hettinga The Internet Bearer Underwriting Corporation 44 Farquhar Street, Boston, MA 02131 USA ""... however it may deserve respect for its usefulness and antiquity, [predicting the end of the world] has not been found agreeable to experience."" -- Edward Gibbon, 'Decline and Fall of the Roman Empire'",Safe Email
13,"re : fyi - wellhead portfolio who is considered to be on greg sharp ' s orig team ? if they have deals in the wellhead portfolio , do we need to move them out ? just double checking . dave - - - - - - - - - - - - - - - - - - - - - - forwarded by david baumbach / hou / ect on 04 / 11 / 2000 10 : 33 am - - - - - - - - - - - - - - - - - - - - - - - - - - - enron north america corp . from : brenda f herod 04 / 11 / 2000 10 : 09 am to : david baumbach / hou / ect @ ect cc : subject : re : fyi - wellhead portfolio great . keep in mind - some people continue to confuse "" wellhead portfolio "" with "" deals done by producer services . "" all that should be in the wellhead portfolio is truly wellhead deals - not deals done by greg sharp ' s origination teams at competitive points . does that make sense ? enron capital management from : david baumbach 04 / 11 / 2000 09 : 54 am to : brenda f herod / hou / ect @ ect cc : subject : fyi - wellhead portfolio i worked with tom acton last night to get the wellhead portfolio cleaned up . tom had a sheet from vance that we used to determine what deals should be in the portfolio . i believe the portfolio is now correct . the sitara team will move the deals we identified today . dave",Safe Email
14,"rmmla / ads * * * * * * * * papers solicited for the 1998 rmmla conference * * * * * * * * * conjoint meeting : american dialect society : session chair , simonie hodges georgetown university 2525 farmcrest dr . # 328 herndon , va 20171 usa this session showcases papers on various aspects of american dialects . examples of previous paper topics include : dialects of utah , the use of formal and informal pronouns "" you "" in spanish speaking cities , jamaican english in historical plays , and sweet carbonated beverage isoglosses in the u . s . we hope that you will propose a paper for the 1998 rmmla ( rocky mountain modern language association ) conference in salt lake city . please address your proposal to the chair of the appropriate session . proposals based on a 300 - word abstract are due to the session chair no later than 15 february 1998 . these proposals must be sent on paper and on 3 . 5 "" disk ( preferably ibm - compatible format ) . if you would like the disk returned to you , please enclose a stamped , self - addressed envelope . you will be notified of the chair 's decision by 15 march 1998 . complete versions of accepted papers are due to the chair by 15 august ( paper and disk copy ) . visit the rmmla website at rmmla . wsu . edu / rmmla / callforpapers / call973 . asp for more details on the other topics at the conference . - guidelines for papers and presenters at the rmmla conference - - we would appreciate your following a few rmmla rules regarding papers presented at our conference . rmmla is an organization for its members . you must be a member in good standing to present a paper . your membership must be current by 1 april 1998 to have your name appear in the program . you may not read papers in more than one session . it is courteous to notify the chair if you submit to more than one session . if you have two papers accepted , please decide which you will give , and notify both chairs , as well as the rmmla secretariat . if we discover the duplication and are not able to reach you , we will have to choose for you . members who propose papers are expected to attend the convention to read at the scheduled time . no more than two members of the same institution may appear on any panel . no one 's name may appear on the program more than twice ( i . e . as a chair and a presenter ; appearance as a secretary is not considered ) . please notify the chair and the rmmla secretariat immediately if you find you are unable to present . it is the policy of the rmmla not to have papers read in absentia . ( nb : rmmla due dates represent dates for receipt . please allow adequate time when mailing overseas or to distant addresses . ) proposals for papers for the 1998 convention are due to the chairs no later than 15 february 1998 , because chairs must have the program copy for their sessions in the hands of the executive director by 1 march 1998 . this timeline is critical for setting and finalizing the program . thank you in advance for your cooperation .",Safe Email
15,"re : testing ir & fx var nick and winston , i understand that ir & fx var numbers are calculated every day in risktrac . this results are overwritten everyday in the database table by the official numbers calculated with the old version of the code . for the consistent testing we need historical results for each ir and fx sub - portfolio . can we store the numbers every day ? tanya",Safe Email
16,"The academic discipline of Software Engineering was launched at a conference
sponsored by NATO, at Garmisch, Germany, in October, 1968. Intriguingly, the
term Software Engineering was chosen to be deliberately provocative -- why
can't software be developed with the same rigor used by other engineering
disciplines?The proceedings of this conference are now available online, at:
http://www.cs.ncl.ac.uk/old/people/brian.randell/home.formal/NATO/index.htmlAlso, don't miss the pictures of attendees, including many significant
contributors to the field of Software Engineering:
http://www.cs.ncl.ac.uk/old/people/brian.randell/home.formal/NATO/N1968/inde
x.html- Jim
",Safe Email
17,"re : 3 . 402 queries : language - speakers , syntax , texts i would like to address the issue of "" who speaks languages ? "" it seems to me that this is a big problem . while linguists study structures of various kinds , language teachers study literature , and , if they ' re lucky , pedagogy ( very few graduate schools offer any theoretical orientation to teaching to literature students , which is where most college language teachers come from ) . thus many college language teachers must teach without background ( and with resentment , for some ) while they research in a different area entirely . when some linguists teach languages , they teach structures , not speaking . thus , when taking an unusually-taught language under the auspices of a linguistics department , all we did was talk about structure , we never learned to speak it . talking about language was thrown out many years ago as a way to learn to speak ! neither group , unhappy literature teachers nor structure-happy linguists , are likely to improve the image of language learning in this country . leslie morgan morgan @ loyvax",Safe Email
18,"a resume john , this is a resume i received today from my friend . please , take a look at it . what follows below is a copy of his message to me : dear vincent , i very much would like to ask you for a career advice . i am looking for new challenges and new professional opportunities . possibly there would be such opportunity around yourself at enron corporation . i trust that my strongest asset is my intellectual capital and ability to look from new angles into complex issues . beside of the experience of working under jacob goldfield an paul jacobson at goldman on the interest rate swaps and proprietary desks , i was a part of research effort of john meriwether group at salomon brothers , i headed the european interest options desk at dkbi in london and i have managed a small hedge fund in partnership with albert friedberg . i hold ph . d . in mathematics from mit and i have studied under nobel laureate in economics , bob merton . i very much would like to apply my knowledge of capital markets , trading and research in the field of energy markets . with my very best regards and personal wishes , mark kierlanczyk godel partners llc 67 wall street , suite 1901 new york , ny 10005 tel 212 943 5300 mkierlanczyk @ fmginy . com",Safe Email
19,"EFFector       Vol. 15, No. 35       November 8, 2002     ren@eff.orgA Publication of the Electronic Frontier Foundation     ISSN 1062-9424In the 234th Issue of EFFector:    * ALERT UPDATE: Urge Your Representative to Co-Sponsor the DMCRA!
    * ALERT: Bait and Switch: Anticounterfeiting Bill Hurts Your 
      Rights!
    * Canadian Trademark Law Overreaching
    * Give Twice as Many Gifts this Holiday Season!
    * Deep Links (4): Security Technologies Could Backfire Against 
      Consumers
    * AdministriviaFor more information on EFF activities & alerts: http://www.eff.org/To join EFF or make an additional donation:
  http://www.eff.org/support/
EFF is a member-supported nonprofit. Please sign up as a member today!-----------------------------------------------------------------* ALERT UPDATE: Urge Your Representative to Co-Sponsor the DMCRA!As the legislative season ends, it is vitally important to gather
support for legislation that will be center-stage in the next session.
This is an opportunity to ask your representative to take a stand for
your rights. Ask her/him to co-sponsor the DMCRA today!Representatives Rick Boucher and John Doolittle recently introduced
the Digital Media Consumers' Rights Act (DMCRA, H.R. 5544), which
would require labelling on usage-impaired ""copy-protected"" compact
discs and would make several several amendments to 1998's infamous
Digital Millennium Copyright Act (DMCA).Take action here:
http://action.eff.org/action/index.asp?step=2&item=2224Join EFF! For membership information see:
http://www.eff.org/support/-=end=-----------------------------------------------------------* ALERT: Bait and Switch; Anticounterfeiting Bill Hurts Your Rights!Don't be fooled by Senator Biden's ""Anticounterfeiting Amendments of
2002"" (S. 2395, also known as ""the Biden Bill""). It started as an
attempt to stop organized crime from forging holograms and
counterfeiting money, but its scope has been greatly expanded to
include digital watermarks on copyrighted material. This is a sneaky
power-grab that would greatly diminish the rights of the public in
copyrighted works while expanding the power of copyright owners. It
goes well beyond the scope of current copyright law and could:~ Prevent universities, libraries, and consumers from enjoying the
exceptions to the Copyright Act adopted by Congress. S. 2935 could
prohibit the use of interface information essential for software
interoperability and competition~ Impose new responsibilities on Internet service providers and could
also require consumer electronics and computer manufacturers to
reconfigure their products.~ Impose more severe criminal and civil penalties than permitted by
the Copyright Act for identical behaviorThis ""anticounterfeiting"" bill is a decoy; stand up for your rights
today! Subscribe to the EFF Action Center and send your member of
Congress an email, letter or fax. You can take action by going to:http://action.eff.org/action/index.asp?step=2&item=2274Join EFF! For membership information see:
http://www.eff.org/support/-=end=-----------------------------------------------------------* Canadian Trademark Law OverreachingEFF has been involved in several cases involving overreaching
trademark claims on the Internet. Recently we have learned about a
Canadian lawsuit over the website www.lawsnet.com, a nonprofit legal
information website focusing on the laws of Canada and China that seem
especially egregious.Lawsnet.com is a free legal information website that has been
published since 1998. Last year, Lawsnet.com's owner Ling Xia was sued
by Quicklaw, a subsidiary of global publishing giant LexisNexus Group.
Quicklaw claims that Lawsnet.com violates its rights in the name
LAW/NET. However, LAW/NET does not have a public Internet website
under that domain name. The name appears on a subsidiary webpage of
the Quicklaw.com website that offers public ""teasers"" in the form of
summaries of recent Canadian cases, with the full text only available
through the private, proprietary paid Quicklaw service for Canadian
lawyers. It seems clear that the two names are substantially
different, are used in different places (one as a teaser for a closed
computer service and the other for information freely available on the
public internet) and are not causing any consumer confusion. Even more
problematic, Quicklaw does not even have a Canadian trademark in the
term LAW/NET -- it applied for one in 1997 but has repeatedly filed
requests for extensions of time with the Canadian trademark
authorities. In contrast, Ms. Xia is in the final stages of having a
Canadian trademark issued for ""lawsnet.""Regardless of its weak case, Quicklaw has managed to drag Ms. Xia
through over a year of litigation and recently succeeded in securing a
court order requiring her to undergo an extensive ""discovery"" process
that threatens to drive her under. Although she has had some free
legal assistance in the past, this next phase will require
significantly more legal resources than her volunteer attorneys can
muster. Quicklaw is represented by a large Toronto firm, Borden Ladner
and Gervais, LLP.Abuse of trademark law (even here, when no official trademark has even
been granted) is a growing problem on the Internet, and it is
unfortunately becoming an international problem. EFF urges Quicklaw,
and its US-based parent company, to stop beating up on this free and
useful website. While trademark law is important when misuse of a mark
is causing consumer confusion, it does not -- and should not -- grant
ownership in words, especially descriptive words like ""laws"" and ""net""
when describing an online legal information service. Trademark law
should also not be a license for large corporations who sell legal
information (or any other nonproprietary information) to stop
individuals who want to use the power of the Internet to provide free
legal information to the public.For those who wish to help Ms. Xia directly, local Toronto lawyer and
part-time law professor Gil Lan has agreed to act as trustee for a
legal defence fund to be established for Ms. Xia. If you wish to help,
please contact:Mr. Gil Lan
Barrister & Solicitor
393 University Avenue
Suite 2000
Toronto, Ontario, M5G 1E6or by email at:
glan@globalbusinesslaw.comor Ling Xia at:
editor@lawsnet.com-=end=-----------------------------------------------------------* Give Twice as Many Gifts this Holiday Season!EFF has signed up with ShopsThatGive.com, a portal site for dozens of
online shops that donates a portion of their referral fees to a
charity of your choice. If you shop online at any of the websites
available through ShopsThatGive, including Alibris, buy.com, Disney
Store, eBay, eToys, Half.com, Lens Express, McAfee, Office Depot,
Palm, Petsmart, REI, Rail Europe, and Verizon Wireless, part of your
purchase can be donated back to EFF. From the main ShopsThatGive page,
simply select EFF as your designated cause, select a merchant or
category, and you're all set. It won't cost you anything extra and it
would help us out a lot. Please keep this giving opportunity in mind,
especially throughout the upcoming holiday season.Links:
ShopsThatGive:
http://www.shopsthatgive.com/Complete List of Participating Merchants:
http://www.shopsthatgive.com/category.aspxBuy EFF-related books through Amazon or Barnes&Noble:
http://www.eff.org/promo/books.html-=end=-----------------------------------------------------------* Deep Links
Deep Links features noteworthy news items, victories, and threats from
around the Internet.~ Security Technologies Could Backfire Against Consumers
Robert Lemos at news.com with a balanced piece on trusted computing.
http://news.com.com/2009-1001-964628.html?tag=fd_lede1_hed~ Barbie's Kinky Rival Wins First Court Battle
Mattel loses first round in intellectual property battle over S&M doll
with Barbie head.
http://www.thescotsman.co.uk/international.cfm?id=1242812002~ Unspooled
In the digital age, the quaint cassette is sent reeling into history's
dustbin.
http://www.washingtonpost.com/wp-dyn/articles/A32476-2002Oct28.html~ The Meaning and Importance of the TEACH Act
The American Library Association on the latest amendment to US
copyright law.
http://www.ala.org/washoff/teach.html-=end=-----------------------------------------------------------* AdministriviaEFFector is published by:The Electronic Frontier Foundation
454 Shotwell Street
San Francisco CA 94110-1914 USA
+1 415 436 9333 (voice)
+1 415 436 9993 (fax)
  http://www.eff.org/Editor:
Ren Bucholz, Activist
  ren@eff.orgTo Join EFF online, or make an additional donation, go to:
  http://www.eff.org/support/Membership & donation queries: membership@eff.org
General EFF, legal, policy or online resources queries: ask@eff.orgReproduction of this publication in electronic media is encouraged.
Signed articles do not necessarily represent the views of EFF. To
reproduce signed articles individually, please contact the authors for
their express permission. Press releases and EFF announcements &
articles may be reproduced individually at will.To change your address, please visit http://action.eff.org/subscribe/.
>>From there, you can update all your information. If you have already
subscribed to the EFF Action Center, please visit
http://action.eff.org/action/login.asp.To unsubscribe from the EFFector mailing list, send an email to
alerts@action.eff.org with the word ""Remove"" in the subject.(Please ask ren@eff.org to manually remove you from the list if this
does not work for you for some reason.)Back issues are available at:
  http://www.eff.org/effector ++++++++++++++++++++++++
You received this message because legit-lists-eff@jmason.org is a member of
the mailing list originating from alerts@action.eff.org. To unsubscribe 
from all mailing lists originating from alerts@action.eff.org, send an 
email from legit-lists-eff@jmason.org to alerts@action.eff.org with 'Remove' as the
only text in the subject line.
",Safe Email
